{
  "train_losses": [
    0.4439460815447453,
    0.15869665604655994,
    0.11712519227653806,
    0.09946113910775463,
    0.09018029137061945,
    0.08309646212771439,
    0.07872738525448428,
    0.07381396836864704,
    0.07129902307740685,
    0.06749981930459292,
    0.06556984405707142,
    0.06382773257912686,
    0.06297558834112489,
    0.06164034756773491,
    0.061210474593174635,
    0.060154363561268756,
    0.059483686825723164,
    0.05913586073452466,
    0.05876237536834847,
    0.05809128956374417,
    0.057414748314486466,
    0.058051065790424725,
    0.056727118874230216,
    0.05586399186692215,
    0.055266486286119305,
    0.05562573979180266,
    0.05502133474244734,
    0.05514049961334235,
    0.054737861060233664,
    0.05462687243234777,
    0.05442426085399693,
    0.05405553015789769,
    0.0549586645796187,
    0.055300117501703376,
    0.05215254203732212,
    0.05127779837198893,
    0.051021937814744324,
    0.051099837452704265,
    0.050889072791707436,
    0.05059503607580652,
    0.050999631119196025,
    0.050261003625846706,
    0.05001086129104924,
    0.05035220448965645,
    0.04912347914429772,
    0.04950319790315551,
    0.049021142186118256,
    0.049195519896308625,
    0.04901922874265304,
    0.04870080238582313,
    0.04877978483371871,
    0.04816519254476605,
    0.04838980664428702,
    0.048016733832287224,
    0.0474631607616984,
    0.04794832876366493,
    0.04854904728263745,
    0.048664261133572966,
    0.04828563551046357,
    0.04753235019421603,
    0.04794575251864177,
    0.047617642735141144,
    0.04761464938593799,
    0.047399356883606567,
    0.04739370089482926,
    0.0480740254905807,
    0.048225084802872034,
    0.04705139189137882,
    0.04715486038194619,
    0.047369752148846186,
    0.04729912865858678,
    0.04653509351390678,
    0.047064242609746385
  ],
  "val_losses": [
    0.2475679988637265,
    0.15254731206336486,
    0.11040426469841587,
    0.09514244326375244,
    0.07891378030916185,
    0.07295973658225186,
    0.0640158499270557,
    0.07805313735253928,
    0.06433252469723222,
    0.0622002903875416,
    0.05723725718366895,
    0.06419381457908825,
    0.06398265060274919,
    0.06167363716187597,
    0.056805949682192616,
    0.05045381720933822,
    0.050199674386795054,
    0.059047745311678,
    0.058445807064691116,
    0.050232341025695806,
    0.049870139273988305,
    0.04555998677161601,
    0.04933901790101534,
    0.04853653385980726,
    0.0603489457541956,
    0.04688799045678334,
    0.05357599843751549,
    0.04058765105927657,
    0.04306094807776272,
    0.04951381098633625,
    0.04545552868759901,
    0.05716153891636473,
    0.06291989355417806,
    0.0539416469080253,
    0.04128913126408918,
    0.05132405492543103,
    0.04090815052523953,
    0.03836614812482978,
    0.040931295991879,
    0.04299165683408242,
    0.05152592987815665,
    0.04619467417098702,
    0.041589427618253294,
    0.04123193702918783,
    0.0415451480655437,
    0.04475305028785744,
    0.04590657059393582,
    0.04333422497350361,
    0.043869132769429824,
    0.040946490204372715,
    0.038898196124173855,
    0.0416037636278348,
    0.03792326416120853,
    0.040824287157667886,
    0.04084624703511641,
    0.04147143508609279,
    0.0416953036889645,
    0.037703613900515416,
    0.038555842254929217,
    0.040350747260789153,
    0.04039579653134004,
    0.03782867047245716,
    0.04000153845724714,
    0.0416502981236476,
    0.04042278811559911,
    0.03994696219791074,
    0.03930077085088607,
    0.04065438309167832,
    0.0386180911606238,
    0.04067966021500294,
    0.03941551329726391,
    0.04054866658913929,
    0.04024573717490668
  ],
  "val_metrics": [
    {
      "MSE": 1014775.2160979527,
      "RMSE": 1007.3605194258671,
      "MAE": 837.4073498967158,
      "MAPE": 12.38637543810295,
      "R2": 0.7519845466769781,
      "nRMSE": 13.389927752664594
    },
    {
      "MSE": 625457.072887208,
      "RMSE": 790.8584404855321,
      "MAE": 626.6655013286158,
      "MAPE": 9.020909558950244,
      "R2": 0.847135585294746,
      "nRMSE": 10.51216240509569
    },
    {
      "MSE": 452688.08013403934,
      "RMSE": 672.8209866926264,
      "MAE": 512.236059951064,
      "MAPE": 7.480691482072445,
      "R2": 0.8893610746229195,
      "nRMSE": 8.943197820999933
    },
    {
      "MSE": 390117.53869623714,
      "RMSE": 624.5938990225866,
      "MAE": 476.05035588467985,
      "MAPE": 6.884408861457558,
      "R2": 0.9046535856669273,
      "nRMSE": 8.302158980216994
    },
    {
      "MSE": 323552.90972237184,
      "RMSE": 568.8171144773792,
      "MAE": 424.731284719166,
      "MAPE": 6.098809811648804,
      "R2": 0.9209222689854982,
      "nRMSE": 7.56076888110737
    },
    {
      "MSE": 299140.1325800164,
      "RMSE": 546.9370462676819,
      "MAE": 406.5976861278151,
      "MAPE": 5.950435492544147,
      "R2": 0.9268888573429841,
      "nRMSE": 7.269937022104006
    },
    {
      "MSE": 262469.2846645463,
      "RMSE": 512.3175623229662,
      "MAE": 382.0280436397772,
      "MAPE": 5.632470763167603,
      "R2": 0.9358513712329735,
      "nRMSE": 6.809771689122254
    },
    {
      "MSE": 319995.403814915,
      "RMSE": 565.6813624425989,
      "MAE": 440.79705865532617,
      "MAPE": 6.591107146892372,
      "R2": 0.9217917388211234,
      "nRMSE": 7.519088179525073
    },
    {
      "MSE": 263747.6556571722,
      "RMSE": 513.5636821828158,
      "MAE": 386.9776682623821,
      "MAPE": 5.895896639773974,
      "R2": 0.9355389318313981,
      "nRMSE": 6.826335227768832
    },
    {
      "MSE": 254989.04441420964,
      "RMSE": 504.9643991552371,
      "MAE": 384.0808520906921,
      "MAPE": 5.734678897987223,
      "R2": 0.9376795743140323,
      "nRMSE": 6.712032774730849
    },
    {
      "MSE": 234649.5332548008,
      "RMSE": 484.4063720212615,
      "MAE": 358.07048756676807,
      "MAPE": 5.434913414309623,
      "R2": 0.9426506388419646,
      "nRMSE": 6.4387736060886835
    },
    {
      "MSE": 263169.63209217694,
      "RMSE": 513.0006160738766,
      "MAE": 391.2139648845012,
      "MAPE": 5.75746568581271,
      "R2": 0.9356802032915497,
      "nRMSE": 6.818850901777014
    },
    {
      "MSE": 262303.71531233424,
      "RMSE": 512.1559482348459,
      "MAE": 393.5799816869945,
      "MAPE": 5.814603866693779,
      "R2": 0.9358918370990035,
      "nRMSE": 6.807623499946668
    },
    {
      "MSE": 252856.42578403951,
      "RMSE": 502.84831289767646,
      "MAE": 373.2616611850016,
      "MAPE": 5.562108632001047,
      "R2": 0.9382007955341962,
      "nRMSE": 6.683905563508303
    },
    {
      "MSE": 232890.68819857461,
      "RMSE": 482.5874927912809,
      "MAE": 364.0913835607517,
      "MAPE": 5.389925220494848,
      "R2": 0.9430805081834945,
      "nRMSE": 6.414596897739876
    },
    {
      "MSE": 206847.46563573176,
      "RMSE": 454.80486544861384,
      "MAE": 335.34770507117287,
      "MAPE": 5.111193798029418,
      "R2": 0.949445584456004,
      "nRMSE": 6.0453076852645475
    },
    {
      "MSE": 205814.67378441026,
      "RMSE": 453.66802155806647,
      "MAE": 341.7738320904243,
      "MAPE": 5.269800928265559,
      "R2": 0.9496980032529262,
      "nRMSE": 6.0301966527524105
    },
    {
      "MSE": 242088.8422722762,
      "RMSE": 492.0252455639611,
      "MAE": 366.88491464031756,
      "MAPE": 5.319702514737449,
      "R2": 0.9408324395313095,
      "nRMSE": 6.540044366979311
    },
    {
      "MSE": 239636.66211533197,
      "RMSE": 489.52697792392604,
      "MAE": 368.43934582199046,
      "MAPE": 5.408302772836303,
      "R2": 0.9414317629712263,
      "nRMSE": 6.50683716602016
    },
    {
      "MSE": 205942.90274411984,
      "RMSE": 453.8093242146087,
      "MAE": 341.51621412279235,
      "MAPE": 5.272089848336177,
      "R2": 0.94966666354038,
      "nRMSE": 6.032074860529939
    },
    {
      "MSE": 204458.17785064355,
      "RMSE": 452.17051855538256,