{
  "train_metrics": {
    "MSE": 0.0029446794651448727,
    "RMSE": 0.05426490085815022,
    "MAE": 0.041268981993198395,
    "MAPE": 23.139610290527344,
    "R2": 0.9970484375953674,
    "nRMSE": 2494.3360833873894
  },
  "val_metrics": {
    "MSE": 0.0036725958343595266,
    "RMSE": 0.06060194579681024,
    "MAE": 0.04575163125991821,
    "MAPE": 27.183988571166992,
    "R2": 0.996320903301239,
    "nRMSE": 1112.1037830062965
  },
  "test_metrics": {
    "MSE": 0.0035277409479022026,
    "RMSE": 0.05939478889517331,
    "MAE": 0.04561379551887512,
    "MAPE": 50.56010437011719,
    "R2": 0.9964589476585388,
    "nRMSE": -1033.2089744146535
  },
  "model_info": {
    "model_class": "LSTMBaseline",
    "total_parameters": 209025,
    "trainable_parameters": 209025,
    "device": "cuda",
    "optimizer": "Adam",
    "criterion": "MSELoss",
    "model_name": "LSTM Baseline",
    "input_dim": 4,
    "hidden_dim": 128,
    "num_layers": 2,
    "output_dim": 1
  },
  "best_metrics": {
    "MSE": 0.002465353347361088,
    "RMSE": 0.04965232469241584,
    "MAE": 0.03463776037096977,
    "MAPE": 27.465009689331055,
    "R2": 0.9975302815437317,
    "nRMSE": 911.1677422146237,
    "best_epoch": 13,
    "best_val_loss": 0.0024656124197621546
  }
}