{
  "train_losses": [
    0.02511191420271172,
    0.011327311382820069,
    0.010164340288372264
  ],
  "val_losses": [
    0.006633645832267126,
    0.005956392442672758,
    0.008416518452223805
  ],
  "val_metrics": [
    {
      "MSE": 0.0066337306052446365,
      "RMSE": 0.08144771700449704,
      "MAE": 0.05769295617938042,
      "MAPE": 