{
  "train_losses": [
    0.6491527825400845,
    0.37360371936345976,
    0.33128713079070427,
    0.3176429829123726,
    0.3103541926579393,
    0.2990511762722522,
    0.29854869105517223,
    0.29263398664365836,
    0.2936423882262753,
    0.2909391391161451,
    0.28925619152078874,
    0.28336507540928363,
    0.28373465744967596,
    0.2804489978446301,
    0.2805215535166454,
    0.278404991187107,
    0.27536189692903545,
    0.27841714806935186,
    0.2741072408195191,
    0.27324506301859286,
    0.2728464747640278,
    0.2722743452206801,
    0.271512311825742,
    0.2691339616432432,
    0.2673092351876376,
    0.2678137159566385,
    0.2684257981490111,
    0.26630472691798057,
    0.26129884911664875,
    0.2616641140557005,
    0.2610190243655353,
    0.26071611952446966,
    0.2615539874004494,
    0.2609881710462256,
    0.2615440913815993,
    0.26159047240121835,
    0.2596647773750657
  ],
  "val_losses": [
    0.478175134122794,
    0.25404935752641156,
    0.21986230827683229,
    0.1890641730212746,
    0.18998659110103963,
    0.1626788561971413,
    0.18229416822298214,
    0.1895162576012057,
    0.19873486644294308,
    0.16041734616455022,
    0.15608031327764577,
    0.1715585670626236,
    0.16244602736805827,
    0.15711560558908533,
    0.13622902286981764,
    0.1252623955824748,
    0.13881305828294624,
    0.11311173704283138,
    0.12946809012902832,
    0.14732229343458994,
    0.13128950693437202,
    0.10578791265421159,
    0.1255098240938309,
    0.1235910246868878,
    0.1337990175238867,
    0.13307067802739575,
    0.15822759272741824,
    0.12266896847778788,
    0.11837331024243643,
    0.13853653013067102,
    0.12082537001155332,
    0.10934958314600397,
    0.1273882730377589,
    0.1120045655086516,
    0.1259330898138736,
    0.12341890476129361,
    0.1182770152219952
  ],
  "val_metrics": [
    {
      "MSE": 1960272.9194236067,
      "RMSE": 1400.0974678298674,
      "MAE": 1186.333270150052,
      "MAPE": 17.089407609508665,
      "R2": 0.52090081721038,
      "nRMSE": 18.610223032778084
    },
    {
      "MSE": 1041541.6123736084,
      "RMSE": 1020.5594604792062,
      "MAE": 815.9550166865038,
      "MAPE": 11.77558708933859,
      "R2": 0.7454427236201864,
      "nRMSE": 13.56536927901766
    },
    {
      "MSE": 901404.6103142902,
      "RMSE": 949.4233040716297,
      "MAE": 763.1643423556758,
      "MAPE": 11.222391798857918,
      "R2": 0.7796928132377833,
      "nRMSE": 12.619821010516358
    },
    {
      "MSE": 775124.148127247,
      "RMSE": 880.4113516574209,
      "MAE": 692.9504465641294,
      "MAPE": 9.856034499574285,
      "R2": 0.8105563045591333,
      "nRMSE": 11.702507854921139
    },
    {
      "MSE": 778943.6837068964,
      "RMSE": 882.5778626879877,
      "MAE": 700.3573800002262,
      "MAPE": 9.915394919403633,
      "R2": 0.8096227935379312,
      "nRMSE": 11.731305316818071
    },
    {
      "MSE": 666789.5748507237,
      "RMSE": 816.5718430430502,
      "MAE": 648.2539622320743,
      "MAPE": 9.374323522807838,
      "R2": 0.8370337429863834,
      "nRMSE": 10.853947293306893
    },
    {
      "MSE": 747227.0257068106,
      "RMSE": 864.422943764689,
      "MAE": 699.0243957314771,
      "MAPE": 10.122429268192725,
      "R2": 0.8173744819778893,
      "nRMSE": 11.48998848133498
    },
    {
      "MSE": 777032.9911540746,
      "RMSE": 881.4947482283003,
      "MAE": 716.6031855258097,
      "MAPE": 10.744452271192944,
      "R2": 0.8100897750646098,
      "nRMSE": 11.71690846079343
    },
    {
      "MSE": 814842.8917542376,
      "RMSE": 902.6864858599787,
      "MAE": 726.2271503746131,
      "MAPE": 10.508761842237568,
      "R2": 0.800848871770276,
      "nRMSE": 11.99859096707561
    },
    {
      "MSE": 657691.9670752891,
      "RMSE": 810.9821003421032,
      "MAE": 630.604865045591,
      "MAPE": 8.604972160854347,
      "R2": 0.8392572376882501,
      "nRMSE": 10.779647924333883
    },
    {
      "MSE": 639931.5961692818,
      "RMSE": 799.9572464633856,
      "MAE": 656.8872906112128,
      "MAPE": 9.756100533340131,
      "R2": 0.8435979491793881,
      "nRMSE": 10.633104562674395
    },
    {
      "MSE": 703387.6320427222,
      "RMSE": 838.6820804349657,
      "MAE": 679.9568909731817,
      "MAPE": 9.904818100422395,
      "R2": 0.8280890194641456,
      "nRMSE": 11.147838582039096
    },
    {
      "MSE": 666037.476976774,
      "RMSE": 816.1111915522137,
      "MAE": 665.6713060542892,
      "MAPE": 9.543621359367298,
      "R2": 0.8372175589607902,
      "nRMSE": 10.847824271744589
    },
    {
      "MSE": 644168.0322489103,
      "RMSE": 802.6007925792936,
      "MAE": 665.5509786724994,
      "MAPE": 10.063537489583156,
      "R2": 0.8425625458722368,
      "nRMSE": 10.66824281836365
    },
    {
      "MSE": 558497.7559856552,
      "RMSE": 747.3270743025809,
      "MAE": 616.0835146424209,
      "MAPE": 8.981715189743902,
      "R2": 0.8635007320504936,
      "nRMSE": 9.933539521903176
    },
    {
      "MSE": 513551.23706561245,
      "RMSE": 716.6248928593064,
      "MAE": 574.8497909961859,
      "MAPE": 7.973344397016696,
      "R2": 0.8744858557393739,
      "nRMSE": 9.525443330473175
    },
    {
      "MSE": 569107.0802082696,
      "RMSE": 754.3918611757882,
      "MAE": 623.2813941619771,
      "MAPE": 9.243661035239587,
      "R2": 0.8609077673083703,
      "nRMSE": 10.027445312328767
    },
    {
      "MSE": 463745.59820192173,
      "RMSE": 680.98869168432,
      "MAE": 552.7286652293051,
      "MAPE": 8.05551985573037,
      "R2": 0.8866585693658648,
      "nRMSE": 9.051763699486202
    },
    {
      "MSE": 530806.8997395547,
      "RMSE": 728.5649591762939,
      "MAE": 592.9111664134801,
      "MAPE": 8.634878715701852,
      "R2": 0.8702684971238144,
      "nRMSE": 9.684151779199759
    },
    {
      "MSE": 604023.9066870732,
      "RMSE": 777.1897494737518,
      "MAE": 635.203190815806,
      "MAPE": 9.437928763794407,
      "R2": 0.8523739438464205,
      "nRMSE": 10.330476919520432
    },
    {
      "MSE": 538260.7862030609,
      "RMSE": 733.6625833467732,
      "MAE": 602.1055453119139,
      "MAPE": 8.858148969665805,
      "R2": 0.8684467350222788,
      "nRMSE": 9.751909863854355
    },
    {
      "MSE": 433697.7751267425,
      "RMSE": 658.5573438408704,
      "MAE": 534.6466095624689,
      "MAPE": 7.672463563101081,
      "R2": 0.894002387329824,
      "nRMSE": 8.753604181392461
    },
    {
      "MSE": 514539.2147039607,
      "RMSE": 717.3138885480754,
      "MAE": 579.9363309891263,
      "MAPE": 8.331335922961468,
      "R2": 0.8742443897299947,
      "nRMSE": 9.534601523907012
    },
    {
      "MSE": 506706.29348670447,
      "RMSE": 711.8330516959046,
      "MAE": 579.0443501003406,
      "MAPE": 8.401036508263706,
      "R2": 0.876158789565272,
      "nRMSE": 9.46174974139271
    },
    {
      "MSE": 548565.6454397225,
      "RMSE": 740.6521757476464,
      "MAE": 608.0672092806534,
      "MAPE": 9.126800136024487,
      "R2": 0.8659281828400152,
      "nRMSE": 9.844816162506605
    },
    {
      "MSE": 545580.6528915163,
      "RMSE": 738.6343160803702,
      "MAE": 613.276344102387,
      "MAPE": 9.175913350200455,
      "R2": 0.8666577279336132,
      "nRMSE": 9.81799458806646
    },
    {
      "MSE": 648748.2028693781,
      "RMSE": 805.4490690722649,
      "MAE": 658.4434957724211,
      "MAPE": 9.712144834394179,
      "R2": 0.8414431323561085,
      "nRMSE": 10.706102368867212
    },
    {
      "MSE": 502924.1793803339,
      "RMSE": 709.1714738907184,
      "MAE": 585.8862732300116,
      "MAPE": 8.89622495702877,
      "R2": 0.8770831546164977,
      "nRMSE": 9.426371806847637
    },
    {
      "MSE": 485310.52992558473,
      "RMSE": 696.6423256776642,
      "MAE": 579.8384029900109,
      "MAPE": 8.853792338051594,
      "R2": 0.8813880067501456,
      "nRMSE": 9.259833227917785
    },
    {
      "MSE": 567997.8322873567,
      "RMSE": 753.6563091272817,