{
  "train_losses": [
    0.815038344098462,
    0.32897333635224235,
    0.16922941679755846,
    0.13347848577217925,
    0.11900842500229676,
    0.1079591347111596,
    0.1000715500364701,
    0.09351692566027243,
    0.08998035908573204,
    0.08611598124520646,
    0.08276771795418528,
    0.08186405069298214,
    0.07981052446282572,
    0.07809014442480272,
    0.07661362934029764,
    0.07706985079372923,
    0.07474442943930626,
    0.07364206993952394,
    0.07320470218029287,
    0.07247563963755965,
    0.07256914913240406,
    0.0713418941013515,
    0.0702204608048002,
    0.07016399942545427,
    0.06989715191432172,
    0.0696078273985121,
    0.06910643690369195,
    0.06898407777771354,
    0.06870922089243929,
    0.06734429713752535,
    0.06757463349236383,
    0.0676015747918023,
    0.06648748869904214,
    0.06719333683657977,
    0.06620656005624267,
    0.06672983968423472,
    0.06615718873217702,
    0.06629049788332647,
    0.0662514849876364,
    0.06571729124213259,
    0.06541607885931928,
    0.06558812316507101,
    0.06510636344965962,
    0.06501157561110125,
    0.06454787144644393,
    0.0648861847197016,
    0.06517023981238405,
    0.06547161248616046,
    0.06394127797749308,
    0.06512036914419797,
    0.06440923026659423,
    0.06506006367918518,
    0.0641128438938823,
    0.06384800462466148,
    0.06424474669620395,
    0.06415419756538338,
    0.06449815796481238,
    0.06454336813961466,
    0.0628785933367908,
    0.06367508146084017,
    0.06439221702102157,
    0.06405908184953862,
    0.06489363209240967,
    0.06410978418878382
  ],
  "val_losses": [
    0.5210254080593586,
    0.15463409200310707,
    0.09328848542645574,
    0.07055637775920331,
    0.05876070912927389,
    0.0504308370873332,
    0.04190705844666809,
    0.036259924061596394,
    0.03144224570132792,
    0.029537272755987942,
    0.02728950942400843,
    0.02542201743926853,
    0.024211645126342773,
    0.02310826920438558,
    0.02237895375583321,
    0.021919910446740687,
    0.020290971093345433,
    0.018248572712764144,
    0.01879329013172537,
    0.017723272612784058,
    0.01696758106118068,
    0.016392576857469976,
    0.017867793736513704,
    0.01721964863827452,
    0.016201070102397352,
    0.015983217221219093,
    0.014310307858977467,
    0.013691665604710579,
    0.014256849593948573,
    0.013753594306763262,
    0.013152574480045587,
    0.01214165025157854,
    0.013177123735658824,
    0.011165925592649728,
    0.011094425339251757,
    0.011469824996311218,
    0.011333070986438543,
    0.010774774651508778,
    0.012008401216007769,
    0.011505484580993652,
    0.010232547123450786,
    0.011860219878144562,
    0.010030064557213336,
    0.012286027777008712,
    0.011135902837850153,
    0.0095964694628492,
    0.010294417239492759,
    0.010436353157274425,
    0.008696150034666061,
    0.010075407917611301,
    0.010495758178876713,
    0.010184971062699333,
    0.009729938552482054,
    0.010500336473342031,
    0.009774231759365648,
    0.009632154426071793,
    0.009293586685089394,
    0.009829830873059109,
    0.00914584202109836,
    0.009116805216763169,
    0.009774030302651227,
    0.009523037413600832,
    0.009413577849045396,
    0.00995672185672447
  ],
  "val_metrics": [
    {
      "MSE": 2104204.0721385954,
      "RMSE": 1450.5874920660924,
      "MAE": 1187.7092504302263,
      "MAPE": 17.207738887534088,
      "R2": 0.4857234207568314,
      "nRMSE": 19.28134103245773
    },
    {
      "MSE": 623977.6066302699,
      "RMSE": 789.9225320436618,
      "MAE": 591.9977058039191,
      "MAPE": 8.190032165750996,
      "R2": 0.8474971732489744,
      "nRMSE": 10.499722224864193
    },
    {
      "MSE": 377402.3135479107,
      "RMSE": 614.3307851214284,
      "MAE": 444.6199019154377,
      "MAPE": 5.9211007260668715,
      "R2": 0.9077612417066487,
      "nRMSE": 8.165740735701917
    },
    {
      "MSE": 285912.4725272077,
      "RMSE": 534.707838475562,
      "MAE": 379.3312250887318,
      "MAPE": 4.959356410214939,
      "R2": 0.9301217546904529,
      "nRMSE": 7.107385278561253
    },
    {
      "MSE": 238396.3000510512,
      "RMSE": 488.25843571929323,
      "MAE": 349.63605590867394,
      "MAPE": 4.632763065972839,
      "R2": 0.9417349128262654,
      "nRMSE": 6.4899755875249845
    },
    {
      "MSE": 204796.74267364256,
      "RMSE": 452.5447410738993,
      "MAE": 328.4972872393702,
      "MAPE": 4.386955716592681,
      "R2": 0.9499467900205607,
      "nRMSE": 6.015265906272939
    },
    {
      "MSE": 170319.0530340681,
      "RMSE": 412.69728983126134,
      "MAE": 294.2973364581006,
      "MAPE": 3.899190147321579,
      "R2": 0.9583732865390411,
      "nRMSE": 5.485609955917807
    },
    {
      "MSE": 147631.10201521995,
      "RMSE": 384.2279297698437,
      "MAE": 276.71309297359187,
      "MAPE": 3.734479315801468,
      "R2": 0.9639183199293392,
      "nRMSE": 5.107192629612187
    },
    {
      "MSE": 127981.27753232137,
      "RMSE": 357.74470999907373,
      "MAE": 255.6422402991056,
      "MAPE": 3.4282930307541655,
      "R2": 0.9687208220495461,
      "nRMSE": 4.755175260904256
    },
    {
      "MSE": 120216.1422301951,
      "RMSE": 346.7219955961766,
      "MAE": 248.19288044617352,
      "MAPE": 3.349678402500193,
      "R2": 0.9706186547138842,
      "nRMSE": 4.608660337352193
    },
    {
      "MSE": 111211.91367622514,
      "RMSE": 333.48450290264634,
      "MAE": 243.33753714023828,
      "MAPE": 3.3652673508208055,
      "R2": 0.9728193271300121,
      "nRMSE": 4.432706379087263
    },
    {
      "MSE": 103666.12794142017,
      "RMSE": 321.9722471602485,
      "MAE": 233.6486233017185,
      "MAPE": 3.244764829371621,
      "R2": 0.9746635498110628,
      "nRMSE": 4.279684427473794
    },
    {
      "MSE": 98651.58382887793,
      "RMSE": 314.0884968108159,
      "MAE": 227.09517868825048,
      "MAPE": 3.1364016519463944,
      "R2": 0.9758891260880069,
      "nRMSE": 4.174892899948861
    },
    {
      "MSE": 94123.14443387443,
      "RMSE": 306.7949550332835,
      "MAE": 222.07631764722464,
      "MAPE": 3.061376340893317,
      "R2": 0.9769958962688123,
      "nRMSE": 4.077946478504966
    },
    {
      "MSE": 91250.29553150541,
      "RMSE": 302.07663850669655,
      "MAE": 220.8336197330464,
      "MAPE": 3.081086142306342,
      "R2": 0.9776980329701691,
      "nRMSE": 4.015230185592069
    },
    {
      "MSE": 89168.3297401056,
      "RMSE": 298.61066581772593,
      "MAE": 221.5111994895413,
      "MAPE": 3.055926500273533,
      "R2": 0.978206874417384,
      "nRMSE": 3.9691601610049663
    },
    {
      "MSE": 82592.2001524289,
      "RMSE": 287.38858737331395,
      "MAE": 207.14538037412564,
      "MAPE": 2.818051556922186,
      "R2": 0.9798141089407794,
      "nRMSE": 3.8199952724593524
    },
    {
      "MSE": 74369.59702854115,
      "RMSE": 272.70789689435315,
      "MAE": 194.89950313166756,
      "MAPE": 2.667608275565648,
      "R2": 0.9818237487200282,
      "nRMSE": 3.62485819781546
    },
    {
      "MSE": 76457.93510786837,
      "RMSE": 276.5102802932802,
      "MAE": 199.0803424891765,
      "MAPE": 2.7125335405899955,
      "R2": 0.9813133498580736,
      "nRMSE": 3.6753998241922625
    },
    {
      "MSE": 72197.78601583923,
      "RMSE": 268.6964570213743,
      "MAE": 192.4461041892581,
      "MAPE": 2.639324096899661,
      "R2": 0.9823545487280521,
      "nRMSE": 3.571537773749249
    },
    {
      "MSE": 69163.05424922789,
      "RMSE": 262.9886960483813,
      "MAE": 192.49928895484302,
      "MAPE": 2.682947782136495,
      "R2": 0.9830962503018291,
      "nRMSE": 3.4956696951576713
    },
    {
      "MSE": 66890.42353344677,
      "RMSE": 258.63183008563885,
      "MAE": 187.98214259891733,
      "MAPE": 2.652518323514266,
      "R2": 0.9836516910814903,
      "nRMSE": 3.437757836052439
    },
    {
      "MSE": 72851.21570385103,
      "RMSE": 269.9096435917973,