{
  "train_losses": [
    0.4831043967932913,
    0.3139827908372776,
    0.2733750271842238,
    0.24020247297204597,
    0.22438033839635407,
    0.2108058638790256,
    0.19686558371164373,
    0.1935928753719989,
    0.1936154269647521,
    0.1908597115628405,
    0.1949505047168639,
    0.19314957014073822,
    0.19903932806933158,
    0.18746087637369885,
    0.1804396404432169,
    0.1819487493638086,
    0.17669688050934873,
    0.1756276533876588,
    0.16941009576293614,
    0.16269859781179005,
    0.1621741938169394,
    0.16419021346431315,
    0.16603632173611588,
    0.17037197097363535,
    0.16611784794418138,
    0.1627830614989571,
    0.15461158396165262,
    0.14628382335149442,
    0.14193763310013272,
    0.14251138203119615,
    0.138544395973918,
    0.13658784317500391,
    0.13411367948028233,
    0.12952078767523137,
    0.1292713876387213,
    0.1288187344335261
  ],
  "val_losses": [
    0.4206666686017866,
    0.3415894081197709,
    0.33930102839824644,
    0.30820091521586124,
    0.2942423272071037,
    0.27661336372466944,
    0.24849383438926054,
    0.26817801112859596,
    0.268254365730533,
    0.2780840964912463,
    0.28478038788354587,
    0.26844192723091315,
    0.24322768349034585,
    0.24244499235576103,
    0.2327911415842441,
    0.22391766557462423,
    0.22641566193470286,
    0.23241820737440516,
    0.2271863091190304,
    0.22260269599774407,
    0.21189445581830102,
    0.23478894316881654,
    0.23530552740423724,
    0.23560954117393385,
    0.2164443164388932,
    0.26958268619357395,
    0.25119482420822264,
    0.24048526816801563,
    0.2783743581651646,
    0.28353816928975434,
    0.2516745496201913,
    0.27995650284369344,
    0.26401916342157766,
    0.25514235294533344,
    0.27077336774701594,
    0.26294627096240036
  ],
  "val_metrics": [
    {
      "MSE": 1724753.1641731195,
      "RMSE": 1313.2985815012212,
      "MAE": 1072.0128714454136,
      "MAPE": 15.488681617967535,
      "R2": 0.5784628643892483,
      "nRMSE": 17.456484331945614
    },
    {
      "MSE": 1400678.7064484344,
      "RMSE": 1183.5027276894778,
      "MAE": 951.142431709841,
      "MAPE": 13.969303493530191,
      "R2": 0.6576680639920358,
      "nRMSE": 15.73122602410049
    },
    {
      "MSE": 1391283.380709067,
      "RMSE": 1179.52676133654,
      "MAE": 925.5609965908598,
      "MAPE": 13.24655022848303,
      "R2": 0.6599643222523891,
      "nRMSE": 15.678377117292818
    },
    {
      "MSE": 1263716.9139423913,
      "RMSE": 1124.1516418803965,
      "MAE": 874.6704425342347,
      "MAPE": 12.408591169579996,
      "R2": 0.6911421186570063,
      "nRMSE": 14.94232598712194
    },
    {
      "MSE": 1206466.857983706,
      "RMSE": 1098.3928522999893,
      "MAE": 857.118286809025,
      "MAPE": 12.191797606015177,
      "R2": 0.7051342800303986,
      "nRMSE": 14.599937810469635
    },
    {
      "MSE": 1134208.513253739,
      "RMSE": 1064.9922597154118,
      "MAE": 812.4171162330853,
      "MAPE": 11.488734473725499,
      "R2": 0.7227945321140916,
      "nRMSE": 14.155974092436917
    },
    {
      "MSE": 1018903.9528610819,
      "RMSE": 1009.4077237970205,
      "MAE": 766.5025003107564,
      "MAPE": 11.101766662619463,
      "R2": 0.7509754655487492,
      "nRMSE": 13.41713937958075
    },
    {
      "MSE": 1099635.51812813,
      "RMSE": 1048.6350738594099,
      "MAE": 816.7039524621435,
      "MAPE": 11.641292065990715,
      "R2": 0.7312443217057059,
      "nRMSE": 13.938552888582711
    },
    {
      "MSE": 1099904.1450441575,
      "RMSE": 1048.763150117393,
      "MAE": 814.0191921045331,
      "MAPE": 11.873161227070156,
      "R2": 0.7311786681251923,
      "nRMSE": 13.940255289866219
    },
    {
      "MSE": 1140283.4164566582,
      "RMSE": 1067.8405388711642,
      "MAE": 830.4777747512833,
      "MAPE": 11.885376067473219,
      "R2": 0.7213097994877284,
      "nRMSE": 14.19383367833441
    },
    {
      "MSE": 1167744.3906768851,
      "RMSE": 1080.6222238492437,
      "MAE": 829.8032374349208,
      "MAPE": 11.727766897283253,
      "R2": 0.7145982185761347,
      "nRMSE": 14.363728998940529
    },
    {
      "MSE": 1100757.820098078,
      "RMSE": 1049.1700625246976,
      "MAE": 798.8089555415951,
      "MAPE": 11.593095582862693,
      "R2": 0.7309700262485186,
      "nRMSE": 13.945664006636829
    },
    {
      "MSE": 997367.9379768777,
      "RMSE": 998.6831018781071,
      "MAE": 766.1722047330533,
      "MAPE": 11.229129780040822,
      "R2": 0.7562389607637936,
      "nRMSE": 13.27458672846957
    },
    {
      "MSE": 994146.0961706663,
      "RMSE": 997.0687519778495,
      "MAE": 744.0090696892472,
      "MAPE": 10.901797566434016,
      "R2": 0.7570263928407961,
      "nRMSE": 13.253128642595518
    },
    {
      "MSE": 954563.7700483819,
      "RMSE": 977.0177941308858,
      "MAE": 745.5360209890928,
      "MAPE": 10.933000209377056,
      "R2": 0.7667004846012815,
      "nRMSE": 12.986609485089144
    },
    {
      "MSE": 918180.9916993924,
      "RMSE": 958.217611870807,
      "MAE": 723.1587244998162,
      "MAPE": 10.567250818284045,
      "R2": 0.7755925930428663,
      "nRMSE": 12.73671575057704
    },
    {
      "MSE": 928408.5342826882,
      "RMSE": 963.539586256158,
      "MAE": 724.911943749145,
      "MAPE": 10.508971961130532,
      "R2": 0.7730929373852021,
      "nRMSE": 12.80745591871664
    },
    {
      "MSE": 953028.1555527471,
      "RMSE": 976.2316095849116,
      "MAE": 729.0730743379537,
      "MAPE": 10.455327701735213,
      "R2": 0.7670757954279774,
      "nRMSE": 12.976159448515487
    },
    {
      "MSE": 931592.890918479,
      "RMSE": 965.1905982335711,
      "MAE": 726.6219766396326,
      "MAPE": 10.491621893726323,
      "R2": 0.7723146668460332,
      "nRMSE": 12.829401320258626
    },
    {
      "MSE": 912769.3166699643,
      "RMSE": 955.3896151151971,
      "MAE": 729.580747446624,
      "MAPE": 10.531921218826586,
      "R2": 0.776915229834117,
      "nRMSE": 12.699125760189123
    },
    {
      "MSE": 868880.2554902267,
      "RMSE": 932.1374659835461,
      "MAE": 698.3449202705283,
      "MAPE": 10.102079545889946,
      "R2": 0.7876419062760884,
      "nRMSE": 12.390056076631902
    },
    {
      "MSE": 962739.3931541088,
      "RMSE": 981.1928419806724,
      "MAE": 751.2158759390314,
      "MAPE": 10.857223228929794,
      "R2": 0.7647023269417341,
      "nRMSE": 13.042104601280933
    },
    {
      "MSE": 964856.2428986272,
      "RMSE": 982.2709620561055,
      "MAE": 739.8059730718182,
      "MAPE": 10.705940952104934,
      "R2": 0.7641849597054488,
      "nRMSE": 13.056435071495285
    },
    {
      "MSE": 966089.5790679103,
      "RMSE": 982.8985599073336,
      "MAE": 730.0868063205435,
      "MAPE": 10.481289246722353,
      "R2": 0.7638835270095452,
      "nRMSE": 13.064777159281752
    },
    {
      "MSE": 887477.5245671619,
      "RMSE": 942.0602552741316,
      "MAE": 697.6024981196048,
      "MAPE": 10.170249104262156,
      "R2": 0.7830966532510667,
      "nRMSE": 12.521950695433896
    },
    {
      "MSE": 1105307.077503486,
      "RMSE": 1051.3358538086134,
      "MAE": 722.1905771713,
      "MAPE": 10.20253608398324,
      "R2": 0.7298581680558993,
      "nRMSE": 13.974451901595739
    },
    {
      "MSE": 1029962.6638239524,
      "RMSE": 1014.87076212883,
      "MAE": 718.8875339003032,
      "MAPE": 10.357079413190057,
      "R2": 0.7482726687429984,
      "nRMSE": 13.48975458254171
    },
    {
      "MSE": 986048.0043396639,
      "RMSE": 992.9994986603285,
      "MAE": 700.8787679992462,
      "MAPE": 10.105190512686589,
      "R2": 0.7590056015213553,
      "nRMSE": 13.199039756960065
    },
    {
      "MSE": 1141392.5886219882,
      "RMSE": 1068.3597655387384,
      "MAE": 723.3959655100424,
      "MAPE": 10.19141493959031,
      "R2": 0.7210387130115969,
      "nRMSE": 14.200735286479663
    },
    {
      "MSE": 1162606.2067233096,
      "RMSE": 1078.242183706105,