{
  "train_metrics": {
    "MSE": 12584.159593910665,
    "RMSE": 112.179140636353,
    "MAE": 85.31332206194767,
    "MAPE": 1.6886762533138089,
    "R2": 0.9970484497429368,
    "nRMSE": 1.6901517226204108
  },
  "val_metrics": {
    "MSE": 15053.431597151912,
    "RMSE": 122.69242681254582,
    "MAE": 92.627032732417,
    "MAPE": 1.3920818366290328,
    "R2": 0.9963208761877425,
    "nRMSE": 1.6308389093463729
  },
  "test_metrics": {
    "MSE": 13895.859732130926,
    "RMSE": 117.88070127094988,
    "MAE": 90.52960251210656,
    "MAPE": 1.3263573619903772,
    "R2": 0.9964589363635393,
    "nRMSE": 1.544849340050246
  },
  "model_info": {
    "model_class": "LSTMBaseline",
    "total_parameters": 209025,
    "trainable_parameters": 209025,
    "device": "cuda",
    "optimizer": "Adam",
    "criterion": "MSELoss",
    "model_name": "LSTM Baseline",
    "input_dim": 4,
    "hidden_dim": 128,
    "num_layers": 2,
    "output_dim": 1
  },
  "best_metrics": {
    "MSE": 10105.12195260523,
    "RMSE": 100.52423564795322,
    "MAE": 70.12632193522701,
    "MAPE": 1.009068097472132,
    "R2": 0.9975302644741396,
    "nRMSE": 1.3361772937905763,
    "best_epoch": 13,
    "best_val_loss": 0.0024656124197621546
  }
}