{
  "train_metrics": {
    "MSE": 4884.995153199626,
    "RMSE": 69.89274034690317,
    "MAE": 45.85932654827819,
    "MAPE": 0.7477588724356294,
    "R2": 0.9988548074050725,
    "nRMSE": 1.0529531883069745
  },
  "val_metrics": {
    "MSE": 7758.919770098338,
    "RMSE": 88.08473062965192,
    "MAE": 57.81493843884986,
    "MAPE": 0.7917742281172033,
    "R2": 0.9981036864385815,
    "nRMSE": 1.1708302603681287
  },
  "test_metrics": {
    "MSE": 7662.846871792467,
    "RMSE": 87.53768829362852,
    "MAE": 57.22351387668696,
    "MAPE": 0.7722855662048363,
    "R2": 0.998047286822655,
    "nRMSE": 1.1471982990591727
  },
  "model_info": {
    "model_class": "LSTMBaseline",
    "total_parameters": 209537,
    "trainable_parameters": 209537,
    "device": "cuda",
    "optimizer": "Adam",
    "criterion": "MSELoss",
    "model_name": "LSTM Baseline",
    "input_dim": 5,
    "hidden_dim": 128,
    "num_layers": 2,
    "output_dim": 1
  },
  "best_metrics": {
    "MSE": 7758.919770098338,
    "RMSE": 88.08473062965192,
    "MAE": 57.81493843884986,
    "MAPE": 0.7917742281172033,
    "R2": 0.9981036864385815,
    "nRMSE": 1.1708302603681287,
    "best_epoch": 80,
    "best_val_loss": 0.0019078665718552656
  }
}